Tipo de item;Chave da item;Resumo;Responsável;Relator;Prioridade;Status;Criado;Atualizado(a);Campo personalizado (Domínio de TI - Atuação)
Sub-tarefa;TC-251;Solicitar a equipe de manutenção para que instale cabeamento;Anthony Cruz;Anthony Cruz;Médio;Tarefas pendentes;11/03/2026 15:14;11/03/2026 15:19;Telefonia & Redes (Conectividade)
Sub-tarefa;TC-250;Instalar pacote Office 365 no setor de processos e criar sharepoint;Anthony Cruz;Anthony Cruz;Médio;Concluído;11/03/2026 11:53;11/03/2026 11:53;Software & Aplicações (Sistemas)
Sub-tarefa;TC-249;Instalar o Office 365 e configurar Iphone de Hemerson;Anthony Cruz;Anthony Cruz;Médio;Concluído;11/03/2026 11:44;11/03/2026 11:44;Software & Aplicações (Sistemas)
Sub-tarefa;TC-248;Instalar o Pacote Office na Gestão de Processos;Anthony Cruz;Anthony Cruz;Médio;Concluído;11/03/2026 08:06;11/03/2026 11:43;Software & Aplicações (Sistemas)
Sub-tarefa;TC-247;Instalar o Pacote Office na Gestão de Pessoas;Anthony Cruz;Anthony Cruz;Médio;Tarefas pendentes;11/03/2026 07:36;11/03/2026 11:44;Software & Aplicações (Sistemas)
Sub-tarefa;TC-246;Instalar Office 365 no Departamento Financeiro;Anthony Cruz;Anthony Cruz;Médio;Em Andamento;11/03/2026 07:36;11/03/2026 11:43;Software & Aplicações (Sistemas)
Sub-tarefa;TC-245;Instalar Office 365 no Departamento de Pessoal;Anthony Cruz;Anthony Cruz;Médio;Concluído;10/03/2026 15:44;10/03/2026 15:44;Software & Aplicações (Sistemas)
Tarefa;TC-244;Solicitar Internet para o Galpão do Jardim Luz;Anthony Cruz;Anthony Cruz;Médio;Concluído;10/03/2026 10:09;11/03/2026 15:18;Telefonia & Redes (Conectividade)
Sub-tarefa;TC-243;Criar Sharepoint do Financeiro e RH;Anthony Cruz;Anthony Cruz;Médio;Concluído;09/03/2026 17:34;10/03/2026 15:44;
Sub-tarefa;TC-242;Adicionar domínio da RD Construtora para o Office 365;Anthony Cruz;Anthony Cruz;Médio;Concluído;09/03/2026 16:44;09/03/2026 17:17;
Sub-tarefa;TC-241;Criar uma lista de transmissão do Financeiro (emula e-mail);Anthony Cruz;Anthony Cruz;Médio;Tarefas pendentes;09/03/2026 16:42;09/03/2026 16:43;Software & Aplicações (Sistemas)
Sub-tarefa;TC-240;Migrar Caixa de E-mail de João Pedro;Anthony Cruz;Anthony Cruz;Médio;Aguardando Retorno;09/03/2026 16:06;09/03/2026 16:06;Segurança & Backup
Sub-tarefa;TC-239;Adicionar domínio da HD Imobiliária a conta Microsoft;Anthony Cruz;Anthony Cruz;Médio;Concluído;09/03/2026 15:53;09/03/2026 16:06;Software & Aplicações (Sistemas)
Sub-tarefa;TC-238;Criar acesso dos Sócios Hemerson e Ramon;Anthony Cruz;Anthony Cruz;Médio;Concluído;09/03/2026 15:29;09/03/2026 15:53;Software & Aplicações (Sistemas)
Sub-tarefa;TC-237;Migrar os dados das contas de e-mail previamente existentes;Anthony Cruz;Anthony Cruz;Médio;Concluído;09/03/2026 13:33;09/03/2026 16:06;
Sub-tarefa;TC-236;Criar usuários da Conexão que já possuem e-mail;Anthony Cruz;Anthony Cruz;Médio;Concluído;09/03/2026 11:07;09/03/2026 13:32;Software & Aplicações (Sistemas)
Sub-tarefa;TC-235;Criar lista CSV de importação de caixas de e-mail;Anthony Cruz;Anthony Cruz;Médio;Concluído;09/03/2026 11:07;09/03/2026 11:08;Software & Aplicações (Sistemas)
Sub-tarefa;TC-234;Configurar modelos de usuário do Office 365;Anthony Cruz;Anthony Cruz;Médio;Concluído;09/03/2026 08:30;09/03/2026 11:08;Software & Aplicações (Sistemas)
História;TC-233;Implantação do Microsoft Office 365 Business;Anthony Cruz;Anthony Cruz;Muito alto;Em Andamento;09/03/2026 07:48;11/03/2026 07:42;Software & Aplicações (Sistemas)
Tarefa;TC-232;Criar Dashboards de apresentação de resultados de TI;Anthony Cruz;Anthony Cruz;Alto;Concluído;06/03/2026 11:34;06/03/2026 11:34;Gestão & Administrativo
Reunião Online;TC-231;Reunião de apresentação do modelo de implantação e sustentação do office 365;Anthony Cruz;Anthony Cruz;Médio;Concluído;06/03/2026 10:33;06/03/2026 10:33;Gestão & Administrativo
História;TC-230;Criar domínio do site da HD Imobiliária;Anthony Cruz;Anthony Cruz;Médio;Concluído;05/03/2026 11:10;05/03/2026 16:52;Telefonia & Redes (Conectividade)
História;TC-229;Fazer relatório de todos os pedidos de compra feitos pelo Dep de TI;Anthony Cruz;Anthony Cruz;Médio;Concluído;05/03/2026 10:15;05/03/2026 11:07;Gestão & Administrativo
História;TC-228;Encaminhar boletos de pagamento do TOTVS - março 2026;Anthony Cruz;Anthony Cruz;Médio;Concluído;05/03/2026 09:46;05/03/2026 09:47;Gestão & Administrativo
História;TC-227;Criar um portal de gestão de tarefas internas da HD Imobiliária;Anthony Cruz;Anthony Cruz;Médio;Tarefas pendentes;05/03/2026 08:15;05/03/2026 08:15;Software & Aplicações (Sistemas)
Tarefa;TC-226;Solicitar compra de película de privacidade para notebook;Anthony Cruz;Anthony Cruz;Médio;Tarefas pendentes;05/03/2026 07:50;05/03/2026 07:50;Gestão & Administrativo
Tarefa;TC-225;Fazer inventário de todos os computadores e Celulares;Anthony Cruz;Anthony Cruz;Médio;Em Andamento;03/03/2026 16:53;05/03/2026 08:56;Gestão & Administrativo
Tarefa;TC-224;Solicitar a compra de caixa de cabos CAT6 HD Imobiliária;Anthony Cruz;Anthony Cruz;Médio;Concluído;02/03/2026 14:45;02/03/2026 14:49;Telefonia & Redes (Conectividade)
Tarefa;TC-223;Parametrizar novos Fluxos no Quadro do Jira da HD Imobiliária;Anthony Cruz;Anthony Cruz;Médio;Concluído;02/03/2026 14:32;02/03/2026 16:21;Software & Aplicações (Sistemas)
Reunião Interna;TC-222;Reunião de Alinhamento;Anthony Cruz;Anthony Cruz;Médio;Concluído;27/02/2026 07:18;27/02/2026 10:20;Gestão & Administrativo
Tarefa;TC-221;Solicitar compra de bateria para notebook do Eng Marcelo;Anthony Cruz;Anthony Cruz;Médio;Concluído;25/02/2026 15:52;25/02/2026 15:52;Gestão & Administrativo
Tarefa;TC-220;Instalar provisoriamente o AP UBIQUITI na Legalização;Anthony Cruz;Anthony Cruz;Médio;Concluído;25/02/2026 11:51;26/02/2026 14:53;Telefonia & Redes (Conectividade)
Tarefa;TC-219;Definir compra de notebook para uso de Ramon;Anthony Cruz;Anthony Cruz;Médio;Concluído;25/02/2026 11:35;25/02/2026 11:35;Hardware (Ativos Físicos)
Tarefa;TC-217;Visitar o setor de engenharia e instalar impressora Ricoh;Anthony Cruz;Anthony Cruz;Médio;Concluído;25/02/2026 10:20;25/02/2026 10:20;Telefonia & Redes (Conectividade)
Tarefa;TC-216;Fazer Relatório de Adequação de Infraestrutura e Conformidade;Anthony Cruz;Anthony Cruz;Médio;Concluído;25/02/2026 10:19;25/02/2026 10:19;Gestão & Administrativo
Tarefa;TC-215;Criar status de CONDICIONADO no Jira da HD;Anthony Cruz;Anthony Cruz;Médio;Concluído;24/02/2026 08:53;24/02/2026 08:53;Software & Aplicações (Sistemas)
Tarefa;TC-214;Ajuste de fluxos no Jira da HD;Anthony Cruz;Anthony Cruz;Médio;Concluído;24/02/2026 08:45;24/02/2026 08:45;Software & Aplicações (Sistemas)
Tarefa;TC-213;TOTVS - Iniciar curso e configurar os cursos da ferramenta Knowgap;Anthony Cruz;Anthony Cruz;Médio;Concluído;24/02/2026 07:19;03/03/2026 16:15;Software & Aplicações (Sistemas)
Tarefa;TC-212;Alterar IP padrão da impressora RICOH;Anthony Cruz;Anthony Cruz;Médio;Concluído;23/02/2026 17:12;24/02/2026 07:59;Hardware (Ativos Físicos)
Tarefa;TC-210;Gravar vídeos de treinamento do Jira para o ADM e Corretores da HD;Anthony Cruz;Anthony Cruz;Médio;Concluído;23/02/2026 16:39;23/02/2026 16:39;Software & Aplicações (Sistemas)
História;TC-209;Orçar fechadura eletrônica para entrada da sede;Anthony Cruz;Anthony Cruz;Médio;Em Planejamento;23/02/2026 16:17;25/02/2026 10:52;Gestão & Administrativo
Tarefa;TC-208;Remover roteador da Brisanet e conectar ER7206 via PPPoE;Anthony Cruz;Anthony Cruz;Alto;Concluído;20/02/2026 10:29;20/02/2026 10:30;Telefonia & Redes (Conectividade)
Sub-tarefa;TC-207;Mudar Conexão da Brisanet para modo Bridge pela porta 2 do GW;Anthony Cruz;Anthony Cruz;Médio;Concluído;20/02/2026 10:07;20/02/2026 10:44;Telefonia & Redes (Conectividade)
História;TC-206;Fazer orçamento do Office 365 e Google Workplace em outro fornecedor;Anthony Cruz;Anthony Cruz;Médio;Concluído;20/02/2026 07:24;26/02/2026 13:45;Gestão & Administrativo
Tarefa;TC-205;Solicitar compra de três fones H390 Logitech;Anthony Cruz;Anthony Cruz;Médio;Concluído;19/02/2026 09:42;19/02/2026 09:42;Gestão & Administrativo
Reunião Interna;TC-204;Reunião - Alinhamento de informações sobre o TOTVS;Anthony Cruz;Anthony Cruz;Médio;Concluído;13/02/2026 16:34;13/02/2026 16:35;Gestão & Administrativo
Reunião Interna;TC-203;Reunião - HDI - Criação do portal de documentação do Corretor;Anthony Cruz;Anthony Cruz;Médio;Concluído;12/02/2026 15:25;12/02/2026 15:25;Projetos & Expansão
Reunião Online;TC-202;Reunião - Alinhamento com a TOTVS;Anthony Cruz;Anthony Cruz;Médio;Concluído;11/02/2026 10:56;11/02/2026 13:48;Gestão & Administrativo
História;TC-201;Realizar a cotação dos pacotes do Google;Anthony Cruz;Anthony Cruz;Alto;Concluído;11/02/2026 09:54;18/02/2026 07:17;Gestão & Administrativo
Tarefa;TC-200;Solicitar compra de equipamentos de TI;Anthony Cruz;Anthony Cruz;Médio;Concluído;11/02/2026 09:29;11/02/2026 09:49;Gestão & Administrativo
Tarefa;TC-199;Jira - Readequar o quadro de Suporte ITSM;Anthony Cruz;Anthony Cruz;Alto;Concluído;10/02/2026 13:46;10/02/2026 13:53;Gestão & Administrativo
Reunião Interna;TC-198;Reunião - HDI - Apresentação do portal do Jira e funcionalidades para gestão;Anthony Cruz;Anthony Cruz;Médio;Concluído;09/02/2026 16:14;09/02/2026 16:14;Gestão & Administrativo
Tarefa;TC-197;RH - Fazer pedido de compra de uma impressora para o RH;Anthony Cruz;Anthony Cruz;Médio;Concluído;06/02/2026 14:52;06/02/2026 16:18;Hardware (Ativos Físicos)
Tarefa;TC-196;Visita Técnica - Realizar visita técnica no stand da HDI para avaliar nova internet;Anthony Cruz;Anthony Cruz;Médio;Concluído;06/02/2026 10:55;06/02/2026 16:18;Telefonia & Redes (Conectividade)
Reunião Interna;TC-195;REUNIÃO - Entrevista com Jobson Luiz;Anthony Cruz;Anthony Cruz;Médio;Concluído;06/02/2026 10:09;06/02/2026 16:19;Gestão & Administrativo
Tarefa;TC-194;Solicitar compra - HDI - Impressora laser monocromática e fonte 220-110V;Anthony Cruz;Anthony Cruz;Médio;Concluído;05/02/2026 17:37;06/02/2026 16:19;Hardware (Ativos Físicos)
Tarefa;TC-193;Criar e-mails corporativos da legalização;Anthony Cruz;Anthony Cruz;Médio;Concluído;05/02/2026 15:26;06/02/2026 16:19;Software & Aplicações (Sistemas)
Tarefa;TC-192;Solicitar compra de EAP235-wall para rede da Conexão;Anthony Cruz;Anthony Cruz;Médio;Concluído;05/02/2026 11:29;06/02/2026 16:19;Projetos & Expansão
Tarefa;TC-191;Impressora - Cotar impressora para HDI;Anthony Cruz;Anthony Cruz;Médio;Concluído;04/02/2026 17:06;06/02/2026 16:20;Hardware (Ativos Físicos)
Tarefa;TC-190;Criar QR Code do link do formulário da ouvidoria;Anthony Cruz;Anthony Cruz;Baixo;Concluído;04/02/2026 17:02;06/02/2026 16:20;Gestão & Administrativo
Tarefa;TC-189;Criar e-mail para diretor financeiro da Conexão;Anthony Cruz;Anthony Cruz;Médio;Concluído;04/02/2026 14:34;06/02/2026 16:20;Software & Aplicações (Sistemas)
Reunião Online;TC-187;Reunião - TNU - Detalhamento de necessidades HR;Anthony Cruz;Anthony Cruz;Médio;Concluído;04/02/2026 14:27;06/02/2026 16:20;Software & Aplicações (Sistemas)
Reunião Interna;TC-186;Grupo Conexão - Reunião de de Líderes;Anthony Cruz;Anthony Cruz;Médio;Concluído;04/02/2026 14:24;06/02/2026 16:21;Gestão & Administrativo
Sub-tarefa;TC-183;Instalar e configurar Equipamentos de rede do Galpão Vida Nova;Anthony Cruz;Anthony Cruz;Médio;Tarefas pendentes;03/02/2026 14:40;06/02/2026 16:17;Projetos & Expansão
Sub-tarefa;TC-182;Solicitar compra de ativos de Rede do Galpão Vida Nova;Anthony Cruz;Anthony Cruz;Médio;Tarefas pendentes;03/02/2026 14:40;06/02/2026 16:17;Projetos & Expansão
Sub-tarefa;TC-181;Fazer o projeto de redes do Galpão Vida Nova;Anthony Cruz;Anthony Cruz;Médio;Tarefas pendentes;03/02/2026 14:40;06/02/2026 16:17;Projetos & Expansão
Sub-tarefa;TC-180;Fazer visita técnica para coleta de informações e análise técnica;Anthony Cruz;Anthony Cruz;Médio;Concluído;03/02/2026 14:39;11/03/2026 15:14;Projetos & Expansão
Sub-tarefa;TC-179;Contratar novo plano de Internet para HD;Anthony Cruz;Anthony Cruz;Médio;Concluído;03/02/2026 14:15;06/02/2026 16:21;Telefonia & Redes (Conectividade)
Sub-tarefa;TC-178;Configurar e-mail no computador de Camila;Anthony Cruz;Anthony Cruz;Médio;Concluído;03/02/2026 14:11;06/02/2026 16:21;Software & Aplicações (Sistemas)
Tarefa;TC-177;E-mail - Criar e-mail corporativo para o Haras;Anthony Cruz;Anthony Cruz;Médio;Concluído;03/02/2026 14:00;06/02/2026 16:21;Software & Aplicações (Sistemas)
Tarefa;TC-176;TOTVS - Restabelecer acesso de João Pedro;Anthony Cruz;Anthony Cruz;Médio;Concluído;03/02/2026 08:49;06/02/2026 16:21;Software & Aplicações (Sistemas)
Tarefa;TC-175;TOTVS - Fazer ajuste na alçada de aprovação de pagamento;Anthony Cruz;Anthony Cruz;Médio;Concluído;02/02/2026 17:13;06/02/2026 16:21;Software & Aplicações (Sistemas)
Sub-tarefa;TC-174;TOTVS - Adicionar IA de leitura de boletos na coligada HD;Anthony Cruz;Anthony Cruz;Médio;Concluído;02/02/2026 11:11;06/02/2026 16:21;Software & Aplicações (Sistemas)
Tarefa;TC-173;TOTVS - Aumentar limite de registros na visualização de Aprovação de atendimentos;Anthony Cruz;Anthony Cruz;Médio;Concluído;30/01/2026 11:29;06/02/2026 16:21;Software & Aplicações (Sistemas)
Sub-tarefa;TC-172;TOTVS - Iniciar parametrização do Portal Knowgap de treinamentos;Anthony Cruz;Anthony Cruz;Médio;Concluído;30/01/2026 08:55;20/02/2026 10:07;Software & Aplicações (Sistemas)
Sub-tarefa;TC-171;TOTVS - Adicionar Filtro Tipo de Lançamento diferente de 23 (Aprovado para Pagamento);Anthony Cruz;Anthony Cruz;Médio;Concluído;30/01/2026 08:08;06/02/2026 16:22;Software & Aplicações (Sistemas)
Sub-tarefa;TC-170;TOTVS - Criar filtro nos lançamentos para aparecer apenas os pagamentos aprovados;Anthony Cruz;Anthony Cruz;Médio;Concluído;30/01/2026 07:37;06/02/2026 16:23;Software & Aplicações (Sistemas)
Sub-tarefa;TC-169;TOTVS - Cancelamento de Baixa;Anthony Cruz;Anthony Cruz;Médio;Concluído;30/01/2026 07:36;06/02/2026 16:23;Software & Aplicações (Sistemas)
Sub-tarefa;TC-168;TOTVS - Cancelamento de Lançamento;Anthony Cruz;Anthony Cruz;Médio;Concluído;30/01/2026 07:36;06/02/2026 16:23;Software & Aplicações (Sistemas)
Tarefa;TC-167;Tesouraria - Demandas apontadas por Daniela;Anthony Cruz;Anthony Cruz;Médio;Concluído;30/01/2026 07:35;06/02/2026 16:23;Software & Aplicações (Sistemas)
Sub-tarefa;TC-166;TOTVS - Criar coligada Conetis;Anthony Cruz;Anthony Cruz;Médio;CANCELADO;30/01/2026 07:30;23/02/2026 08:08;Software & Aplicações (Sistemas)
Sub-tarefa;TC-165;TOTVS - Coligada 6  - Master/JB/ Pave ( replicar cadastros - fornecedores/relatórios/ borderô...);Anthony Cruz;Anthony Cruz;Médio;CANCELADO;30/01/2026 07:30;23/02/2026 08:08;Software & Aplicações (Sistemas)
Sub-tarefa;TC-164;TOTVS - Código de barras dos boletos, assim que incluído o anexo, ler a linha digitável;Anthony Cruz;Anthony Cruz;Médio;Concluído;30/01/2026 07:29;06/02/2026 16:23;Software & Aplicações (Sistemas)
Sub-tarefa;TC-163;TOTVS - Baixas de lançamento da RD sem funcionar;Anthony Cruz;Anthony Cruz;Médio;Concluído;30/01/2026 07:29;06/02/2026 16:23;Software & Aplicações (Sistemas)
Sub-tarefa;TC-162;TOTVS - O extrato do banco Santander - esta duplicando;Anthony Cruz;Anthony Cruz;Médio;CANCELADO;30/01/2026 07:29;23/02/2026 08:08;Software & Aplicações (Sistemas)
Sub-tarefa;TC-161;TOTVS - Nome e histórico no extrato de caixa HD e RD;Anthony Cruz;Anthony Cruz;Médio;Concluído;30/01/2026 07:28;06/02/2026 16:24;Software & Aplicações (Sistemas)
Sub-tarefa;TC-160;TOTVS - Relatório das conciliações coligadas HD e RD;Anthony Cruz;Anthony Cruz;Médio;CANCELADO;30/01/2026 07:28;23/02/2026 08:08;Software & Aplicações (Sistemas)
Sub-tarefa;TC-159;TOTVS - Iniciar funcionamento do BB SIA;Anthony Cruz;Anthony Cruz;Médio;CANCELADO;30/01/2026 07:28;23/02/2026 08:08;Software & Aplicações (Sistemas)
Sub-tarefa;TC-158;TOTVS - Arquivo OFX - Banco Caixa Econômica;Anthony Cruz;Anthony Cruz;Médio;Concluído;30/01/2026 07:27;06/02/2026 16:26;Software & Aplicações (Sistemas)
Sub-tarefa;TC-157;TOTVS - Visualizar anexo sem precisar fazer download;Anthony Cruz;Anthony Cruz;Médio;CANCELADO;30/01/2026 07:27;23/02/2026 08:08;Software & Aplicações (Sistemas)
Sub-tarefa;TC-156;Solicitar compra de memória RAM para notebook de Darliane;Anthony Cruz;Anthony Cruz;Médio;Concluído;30/01/2026 07:26;06/02/2026 16:25;Hardware (Ativos Físicos)
Sub-tarefa;TC-155;Solicitar compra de memória RAM para notebook de Fernanda;Anthony Cruz;Anthony Cruz;Médio;Concluído;30/01/2026 07:24;06/02/2026 16:26;Software & Aplicações (Sistemas)
Tarefa;TC-154;Financeiro - Demandas apontadas pelo setor;Anthony Cruz;Anthony Cruz;Médio;Concluído;30/01/2026 07:24;23/02/2026 08:08;Software & Aplicações (Sistemas)
Tarefa;TC-153;TOTVS - Liberar o perfil de compras do pra que eles possam editar a OC;Anthony Cruz;Anthony Cruz;Médio;Concluído;29/01/2026 11:59;06/02/2026 16:25;Software & Aplicações (Sistemas)
Tarefa;TC-152;Solicitar compra de Bateria para Notebook Avell do Eng. Henrique;Anthony Cruz;Anthony Cruz;Médio;Concluído;29/01/2026 11:57;06/02/2026 16:26;Hardware (Ativos Físicos)
História;TC-151;Projeto - Implantar a Rede do Novo Galpão - Jardim Luz;Anthony Cruz;Anthony Cruz;Médio;Em Andamento;29/01/2026 09:11;11/03/2026 15:18;Projetos & Expansão
Tarefa;TC-150;Solicitar compra de memória DDR4 3200MHz 8GB e Adaptador USB HDMI para Galpão Vida Nova;Anthony Cruz;Anthony Cruz;Médio;Concluído;29/01/2026 08:15;06/02/2026 16:26;Hardware (Ativos Físicos)
Tarefa;TC-149;TOTVS - Iniciar implantação da ferramenta de cursos da Knowgap;Anthony Cruz;Anthony Cruz;Médio;Concluído;27/01/2026 07:50;24/02/2026 07:18;Software & Aplicações (Sistemas)
Tarefa;TC-148;TOTVS - Remover acessos excedentes do sistema;Anthony Cruz;Anthony Cruz;Médio;Concluído;26/01/2026 14:41;06/02/2026 16:27;Software & Aplicações (Sistemas)
Tarefa;TC-147;Solicitar compra de memória RAM DDR5 8GB para computador de Gabriel (RD);Anthony Cruz;Anthony Cruz;Médio;Concluído;23/01/2026 16:25;06/02/2026 16:27;Hardware (Ativos Físicos)
Tarefa;TC-146;Solicitar compra de memória RAM DDR4 8GB para computador de Susy (RH);Anthony Cruz;Anthony Cruz;Médio;Concluído;23/01/2026 15:41;06/02/2026 16:27;Hardware (Ativos Físicos)
Tarefa;TC-145;Solicitar compra de memória RAM DDR4 8GB para computador de Humberto (Compras);Anthony Cruz;Anthony Cruz;Médio;Concluído;23/01/2026 15:09;06/02/2026 16:27;Hardware (Ativos Físicos)
Sub-tarefa;TC-144;Testes de validação de funcionamento;Anthony Cruz;Anthony Cruz;Médio;Concluído;23/01/2026 15:05;06/02/2026 16:27;Telefonia & Redes (Conectividade)
Sub-tarefa;TC-143;Levantar requisitos do portal de demandas;Anthony Cruz;Anthony Cruz;Médio;Concluído;23/01/2026 11:55;03/03/2026 16:14;Projetos & Expansão
Sub-tarefa;TC-142;Escolher modelo de notebook e solicitar compra para Secretária de Executiva;Anthony Cruz;Anthony Cruz;Médio;Concluído;23/01/2026 11:55;06/02/2026 16:28;Hardware (Ativos Físicos)
Tarefa;TC-141;Solicitar a compra de um monitor ou tela para Hemerson;Anthony Cruz;Anthony Cruz;Médio;Concluído;23/01/2026 11:55;06/02/2026 16:29;Hardware (Ativos Físicos)
História;TC-140;Projeto - Portal de gestão de trabalho da Governança;Anthony Cruz;Anthony Cruz;Muito alto;Concluído;23/01/2026 11:50;03/03/2026 16:14;Projetos & Expansão
Sub-tarefa;TC-139;Criar primeiras contas de e-mail oficiais para cadastramentos em fornecedores;Anthony Cruz;Anthony Cruz;Médio;Concluído;23/01/2026 10:53;09/02/2026 08:17;Software & Aplicações (Sistemas)
Sub-tarefa;TC-138;Realizar assinatura de plano de hospedagem 150gb;Anthony Cruz;Anthony Cruz;Médio;Concluído;23/01/2026 10:52;09/02/2026 08:17;Software & Aplicações (Sistemas)
Sub-tarefa;TC-137;Criar cadastro junto ao fornecedor de hospedagem e domínio;Anthony Cruz;Anthony Cruz;Médio;Concluído;23/01/2026 10:52;09/02/2026 08:17;Software & Aplicações (Sistemas)
História;TC-136;Criar um domínio e hospedagem para o Grupo Conexão;Anthony Cruz;Anthony Cruz;Médio;Concluído;23/01/2026 10:51;06/02/2026 16:28;Telefonia & Redes (Conectividade)
Tarefa;TC-135;Criar conta de e-mail para TI;Anthony Cruz;Anthony Cruz;Médio;Concluído;23/01/2026 10:21;09/02/2026 08:17;Software & Aplicações (Sistemas)
Reunião Interna;TC-134;Reunião - Processo de Pós Venda;Anthony Cruz;Anthony Cruz;Médio;Concluído;22/01/2026 09:20;09/02/2026 08:17;Gestão & Administrativo
Sub-tarefa;TC-133;Fazer a contratação da ferramenta escolhida;Anthony Cruz;Anthony Cruz;Médio;Em Andamento;21/01/2026 14:31;09/02/2026 08:17;Software & Aplicações (Sistemas)
Sub-tarefa;TC-132;Fazer contato com a ferramenta ChatPro;Anthony Cruz;Anthony Cruz;Médio;Concluído;21/01/2026 14:31;06/02/2026 16:29;Projetos & Expansão
Sub-tarefa;TC-131;Fazer contato inicial com ClickMassa;Anthony Cruz;Anthony Cruz;Médio;Concluído;21/01/2026 14:31;06/02/2026 16:29;Projetos & Expansão
Sub-tarefa;TC-130;Implantar ferramenta/plano de treinamentos TOTVS;Anthony Cruz;Anthony Cruz;Médio;Concluído;21/01/2026 14:07;20/02/2026 10:09;Software & Aplicações (Sistemas)
Sub-tarefa;TC-129;Adquirir portal de treinamentos corporativos para o TOTVS;Anthony Cruz;Anthony Cruz;Médio;Concluído;21/01/2026 14:07;09/02/2026 08:17;Software & Aplicações (Sistemas)
Sub-tarefa;TC-128;TOTVS - Padronizar os perfis do DP;Anthony Cruz;Anthony Cruz;Médio;Concluído;21/01/2026 08:54;11/02/2026 14:55;Software & Aplicações (Sistemas)
Sub-tarefa;TC-127;TOTVS - Padronizar os perfis do RH;Anthony Cruz;Anthony Cruz;Médio;Concluído;21/01/2026 08:54;11/02/2026 14:55;Software & Aplicações (Sistemas)
Sub-tarefa;TC-126;TOTVS - Padronizar os perfis da Legalização;Anthony Cruz;Anthony Cruz;Médio;CANCELADO;21/01/2026 08:53;11/02/2026 14:55;Software & Aplicações (Sistemas)
Sub-tarefa;TC-125;TOTVS - Padronizar os perfis da qualidade;Anthony Cruz;Anthony Cruz;Médio;Concluído;21/01/2026 08:53;09/02/2026 08:19;Software & Aplicações (Sistemas)
Tarefa;TC-124;TOTVS - Inativar os acessos dos técnicos da TOTVS;Anthony Cruz;Anthony Cruz;Médio;Concluído;21/01/2026 07:50;09/02/2026 08:19;Software & Aplicações (Sistemas)
Tarefa;TC-123;TOTVS - Inativar o acesso de Thamires;Anthony Cruz;Anthony Cruz;Médio;Concluído;21/01/2026 07:41;09/02/2026 08:19;Software & Aplicações (Sistemas)
Sub-tarefa;TC-122;TOTVS - Padronizar os perfis de compras;Anthony Cruz;Anthony Cruz;Médio;Concluído;21/01/2026 07:40;09/02/2026 08:19;Software & Aplicações (Sistemas)
Sub-tarefa;TC-121;TOTVS - Padronizar os perfis do Financeiro;Anthony Cruz;Anthony Cruz;Médio;Concluído;21/01/2026 07:40;09/02/2026 08:19;Software & Aplicações (Sistemas)
Sub-tarefa;TC-120;TOTVS - Padronizar o perfil da Tesouraria;Anthony Cruz;Anthony Cruz;Médio;Concluído;20/01/2026 14:42;09/02/2026 08:19;Software & Aplicações (Sistemas)
Sub-tarefa;TC-119;TOTVS - Padronizar perfis de acesso da Engenharia;Anthony Cruz;Anthony Cruz;Médio;Concluído;20/01/2026 14:24;09/02/2026 08:20;Software & Aplicações (Sistemas)
Sub-tarefa;TC-118;Verificar quantidade de usuários por setor;Anthony Cruz;Anthony Cruz;Médio;Concluído;20/01/2026 08:04;10/02/2026 15:37;Software & Aplicações (Sistemas)
Sub-tarefa;TC-117;Adicionar todos os membros e definir suas permissões;Anthony Cruz;Anthony Cruz;Médio;Concluído;20/01/2026 08:02;09/02/2026 08:22;Software & Aplicações (Sistemas)
Sub-tarefa;TC-116;Criar contas para todos os membros;Anthony Cruz;Anthony Cruz;Médio;Concluído;20/01/2026 08:02;09/02/2026 08:22;Software & Aplicações (Sistemas)
Sub-tarefa;TC-115;Adicionar João Pedro como Administrador;Anthony Cruz;Anthony Cruz;Médio;Concluído;20/01/2026 08:02;09/02/2026 08:22;Software & Aplicações (Sistemas)
Sub-tarefa;TC-114;Criar os grupos do RH e DP;Anthony Cruz;Anthony Cruz;Médio;Concluído;20/01/2026 08:02;09/02/2026 08:22;Software & Aplicações (Sistemas)
Tarefa;TC-113;Notebook - Instalar Memória 8GB DDR4 2666MHz;Anthony Cruz;Anthony Cruz;Médio;Aguardando Aquisição;19/01/2026 10:21;09/02/2026 08:14;Hardware (Ativos Físicos)
Tarefa;TC-112;SOLICITAR A COMPRA DE UM PLAUD NOTE 64GB;Anthony Cruz;Anthony Cruz;Alto;Concluído;19/01/2026 10:17;09/02/2026 08:22;Hardware (Ativos Físicos)
Sub-tarefa;TC-111;Solicitar compra da memória;Anthony Cruz;Anthony Cruz;Médio;Concluído;16/01/2026 11:19;09/02/2026 08:22;Hardware (Ativos Físicos)
Sub-tarefa;TC-110;Fazer orçamento da memória;Anthony Cruz;Anthony Cruz;Médio;Concluído;16/01/2026 11:19;09/02/2026 08:31;Hardware (Ativos Físicos)
Tarefa;TC-109;Solicitar compra de Memória para notebook (Ana Regina);Anthony Cruz;Anthony Cruz;Médio;Concluído;16/01/2026 11:02;09/02/2026 08:31;Hardware (Ativos Físicos)
Sub-tarefa;TC-108;Realizar testes de validação;Anthony Cruz;Anthony Cruz;Médio;Aguardando Aquisição;16/01/2026 10:15;20/02/2026 10:22;Projetos & Expansão
Sub-tarefa;TC-107;Instalar computador e equipamentos;Anthony Cruz;Anthony Cruz;Médio;Aguardando Aquisição;16/01/2026 10:15;09/02/2026 08:31;Projetos & Expansão
Sub-tarefa;TC-106;Solicitar compra dos equipamentos e periféricos;Anthony Cruz;Anthony Cruz;Médio;Concluído;16/01/2026 10:14;09/02/2026 08:31;Projetos & Expansão
Sub-tarefa;TC-105;Documentar o Projeto;Anthony Cruz;Anthony Cruz;Médio;Concluído;16/01/2026 10:14;09/02/2026 08:31;Projetos & Expansão
História;TC-104;Projeto - Adequação da Sala de Reunião para Videoconferência;Anthony Cruz;Anthony Cruz;Médio;Em Andamento;16/01/2026 10:14;05/03/2026 08:56;Projetos & Expansão
Sub-tarefa;TC-103;Realizar entrega para uso em produção (publicar para os colaboradores);Anthony Cruz;Anthony Cruz;Médio;Concluído;16/01/2026 09:23;09/02/2026 08:31;Projetos & Expansão
História;TC-102;Treinamento - Ensinar a usar o quadro da Ouvidoria no Jira;Anthony Cruz;Anthony Cruz;Médio;Concluído;16/01/2026 09:23;25/02/2026 11:17;Projetos & Expansão
Sub-tarefa;TC-101;Criar os tipos de Solicitação do Portal;Anthony Cruz;Anthony Cruz;Médio;Concluído;16/01/2026 09:23;09/02/2026 08:32;Projetos & Expansão
Sub-tarefa;TC-100;Definir Filtros e Painéis de Controle;Anthony Cruz;Anthony Cruz;Médio;Concluído;16/01/2026 09:23;09/02/2026 08:34;Projetos & Expansão
Sub-tarefa;TC-99;Criar portal público de solicitações do colaborador;Anthony Cruz;Anthony Cruz;Médio;Concluído;16/01/2026 09:23;09/02/2026 08:34;Projetos & Expansão
Sub-tarefa;TC-98;Criar o projeto no Jira Service Management;Anthony Cruz;Anthony Cruz;Médio;Concluído;16/01/2026 09:23;09/02/2026 08:35;Projetos & Expansão
Sub-tarefa;TC-97;Definir a conta de acesso principal;Anthony Cruz;Anthony Cruz;Médio;Concluído;16/01/2026 09:23;09/02/2026 08:35;Projetos & Expansão
História;TC-96;Projeto - Portal da Ouvidoria;Anthony Cruz;Anthony Cruz;Alto;Concluído;16/01/2026 09:23;09/02/2026 08:35;Projetos & Expansão
Sub-tarefa;TC-95;Realizar entrega para uso em produção (publicar para os colaboradores);Anthony Cruz;Anthony Cruz;Médio;Tarefas pendentes;16/01/2026 09:22;09/02/2026 08:28;Projetos & Expansão
Sub-tarefa;TC-94;Treinamento do time de Ouvidoria;Anthony Cruz;Anthony Cruz;Médio;Tarefas pendentes;16/01/2026 09:21;09/02/2026 08:24;Projetos & Expansão
Sub-tarefa;TC-93;Validar o projeto com João Pedro;Anthony Cruz;Anthony Cruz;Médio;Tarefas pendentes;16/01/2026 09:21;09/02/2026 08:24;Projetos & Expansão
Sub-tarefa;TC-92;Criar uma base de conhecimento no confluence e compartilhar no portal;Anthony Cruz;Anthony Cruz;Médio;Tarefas pendentes;16/01/2026 09:21;09/02/2026 08:24;Projetos & Expansão
Sub-tarefa;TC-91;Criar portal de solicitações do colaborador;Anthony Cruz;Anthony Cruz;Médio;Tarefas pendentes;16/01/2026 09:20;09/02/2026 08:24;Projetos & Expansão
Sub-tarefa;TC-90;Criar o quadro do Projeto e parametrizar os campos;Anthony Cruz;Anthony Cruz;Médio;Tarefas pendentes;16/01/2026 09:20;09/02/2026 08:24;Projetos & Expansão
Sub-tarefa;TC-89;Definir as conta de acesso principal e demais contas compartilhadas (usuários do RH);Anthony Cruz;Anthony Cruz;Médio;Tarefas pendentes;16/01/2026 09:19;09/02/2026 08:25;Projetos & Expansão
História;TC-88;Projeto - Criar um portal de abertura de solicitações ao RH;Anthony Cruz;Anthony Cruz;Médio;OBTENDO INFORMAÇÕES;16/01/2026 09:19;09/02/2026 08:25;Projetos & Expansão
Sub-tarefa;TC-87;Realizar testes e entrega do projeto;Anthony Cruz;Anthony Cruz;Médio;Aguardando Aquisição;15/01/2026 16:56;20/02/2026 10:22;Projetos & Expansão
Sub-tarefa;TC-86;Realizar implantação dos equipamentos;Anthony Cruz;Anthony Cruz;Médio;Aguardando Aquisição;15/01/2026 16:56;09/02/2026 08:25;Projetos & Expansão
Sub-tarefa;TC-85;Fazer pedido de compra dos equipamentos e materiais;Anthony Cruz;Anthony Cruz;Médio;Concluído;15/01/2026 16:55;09/02/2026 08:25;Projetos & Expansão
Sub-tarefa;TC-84;Fazer orçamentos do Projeto;Anthony Cruz;Anthony Cruz;Médio;Concluído;15/01/2026 16:55;09/02/2026 08:25;Projetos & Expansão
Sub-tarefa;TC-83;Fazer o descritivo do projeto;Anthony Cruz;Anthony Cruz;Médio;Concluído;15/01/2026 16:55;09/02/2026 08:25;Projetos & Expansão
História;TC-82;Projeto - Adequação da Rede do Stand de Vendas da HDI;Anthony Cruz;Anthony Cruz;Alto;Em Andamento;15/01/2026 16:41;11/03/2026 07:42;Projetos & Expansão
Sub-tarefa;TC-81;Instalar memória no Notebook;Anthony Cruz;Anthony Cruz;Médio;Concluído;15/01/2026 15:51;27/02/2026 10:20;Hardware (Ativos Físicos)
Sub-tarefa;TC-80;Solicitar memória ao Compras;Anthony Cruz;Anthony Cruz;Médio;Concluído;15/01/2026 15:51;09/02/2026 08:26;Hardware (Ativos Físicos)
Sub-tarefa;TC-79;Fazer orçamento da memória;Anthony Cruz;Anthony Cruz;Médio;Concluído;15/01/2026 15:50;09/02/2026 08:26;Hardware (Ativos Físicos)
Tarefa;TC-78;HDI  -Upgrade memória DDR5 8GB do computador de Mateus (Marketing);Anthony Cruz;Anthony Cruz;Médio;Concluído;15/01/2026 15:50;27/02/2026 10:20;Hardware (Ativos Físicos)
Sub-tarefa;TC-77;Pedir Memória 8GB DDR4 2666MHz;Anthony Cruz;Anthony Cruz;Médio;Concluído;15/01/2026 13:41;09/02/2026 08:16;Hardware (Ativos Físicos)
Sub-tarefa;TC-76;Formatar Notebook e configurar softwares básicos;Anthony Cruz;Anthony Cruz;Médio;Concluído;15/01/2026 11:09;09/02/2026 08:16;Software & Aplicações (Sistemas)
Sub-tarefa;TC-75;Fazer pedido de uma Memória DDR4 2666MHZ 8GB;Anthony Cruz;Anthony Cruz;Médio;Concluído;15/01/2026 11:08;09/02/2026 08:16;Hardware (Ativos Físicos)
Sub-tarefa;TC-74;Fazer pedido de uma fonte para Dell P75F Inspiron 15;Anthony Cruz;Anthony Cruz;Médio;Concluído;15/01/2026 11:08;09/02/2026 08:16;Hardware (Ativos Físicos)
Tarefa;TC-73;Notebook - HDI - Preparar notebook para uso de um novo corretor;Anthony Cruz;Anthony Cruz;Médio;Concluído;15/01/2026 11:07;09/02/2026 08:16;Hardware (Ativos Físicos)
Tarefa;TC-72;TOTVS - Ajustar fluxo de aprovação do pagamentos;Anthony Cruz;Anthony Cruz;Médio;Concluído;15/01/2026 10:10;06/02/2026 16:14;Software & Aplicações (Sistemas)
Sub-tarefa;TC-71;TOTVS - Revisar e testar os acessos dos Usuários;Anthony Cruz;Anthony Cruz;Médio;CANCELADO;15/01/2026 08:27;23/02/2026 08:16;Software & Aplicações (Sistemas)
Sub-tarefa;TC-70;Definir novos perfis para os usuários;Anthony Cruz;Anthony Cruz;Médio;CANCELADO;15/01/2026 08:27;23/02/2026 08:16;Software & Aplicações (Sistemas)
Sub-tarefa;TC-69;Analisar usuários com perfil DBA;Anthony Cruz;Anthony Cruz;Médio;CANCELADO;15/01/2026 08:26;23/02/2026 08:16;Software & Aplicações (Sistemas)
Sub-tarefa;TC-68;Fazer configuração em computador do RH;Anthony Cruz;Anthony Cruz;Médio;Concluído;15/01/2026 08:24;09/02/2026 08:40;Telefonia & Redes (Conectividade)
Sub-tarefa;TC-67;Fazer configuração em computador remoto;Anthony Cruz;Anthony Cruz;Médio;CANCELADO;15/01/2026 08:24;09/02/2026 08:40;Telefonia & Redes (Conectividade)
Sub-tarefa;TC-66;Solicitar ao contador acesso ao computador;Anthony Cruz;Anthony Cruz;Médio;Concluído;15/01/2026 08:23;09/02/2026 08:41;Telefonia & Redes (Conectividade)
Reunião Interna;TC-65;Reunião - Engenharia - Orientações técnicas de produtividade com IA e Gestão de Tarefas;Anthony Cruz;Anthony Cruz;Médio;Concluído;14/01/2026 23:41;06/02/2026 16:14;Gestão & Administrativo
História;TC-64;TOTVS - Módulo de Construção (Obras e Projetos);Anthony Cruz;Anthony Cruz;Médio;CANCELADO;14/01/2026 15:15;23/02/2026 08:17;Software & Aplicações (Sistemas)
História;TC-63;TOTVS - Acompanhamento do Projeto de implantação do RH;Anthony Cruz;Anthony Cruz;Médio;CANCELADO;14/01/2026 15:12;23/02/2026 08:17;Projetos & Expansão
Tarefa;TC-62;Acesso remoto - Criar acesso remoto extra para DP;Anthony Cruz;Anthony Cruz;Médio;Concluído;14/01/2026 15:00;06/02/2026 16:13;Software & Aplicações (Sistemas)
Tarefa;TC-61;"RD Construtora - Reativar o perfil ""ordemF"" para os engenheiros";Anthony Cruz;Anthony Cruz;Médio;Concluído;14/01/2026 13:18;06/02/2026 16:12;Software & Aplicações (Sistemas)
Reunião Interna;TC-60;HD Imobiliária - Reunião - Mapeamento de Jornada do Cliente;Anthony Cruz;Anthony Cruz;Médio;Concluído;14/01/2026 13:12;06/02/2026 16:12;Gestão & Administrativo
Reunião Interna;TC-59;Grupo Conexão - Reunião de Alinhamento de Líderes;Anthony Cruz;Anthony Cruz;Médio;Concluído;14/01/2026 13:10;06/02/2026 16:12;Gestão & Administrativo
História;TC-58;Autentique - Adicionar usuários a organização do Departamento de Pessoal;Anthony Cruz;Anthony Cruz;Muito alto;Concluído;13/01/2026 15:54;06/02/2026 16:12;Software & Aplicações (Sistemas)
História;TC-57;TOTVS - Retirar as permissões de DBA dos usuários;Anthony Cruz;Anthony Cruz;Médio;CANCELADO;13/01/2026 15:37;23/02/2026 08:16;Software & Aplicações (Sistemas)
Tarefa;TC-188;Fazer Backup do WhatsApp de conta icloud para outra (Elaine);Anthony Cruz;Anthony Cruz;Médio;CANCELADO;13/01/2026 07:56;06/02/2026 16:11;Segurança & Backup
Tarefa;TC-56;Fazer reavaliação do termo de responsabilidade de equipamentos;Anthony Cruz;Anthony Cruz;Médio;Concluído;12/01/2026 13:06;06/02/2026 16:11;Gestão & Administrativo
Tarefa;TC-55;Fazer reavaliação do termo de devolução de equipamentos;Anthony Cruz;Anthony Cruz;Alto;Concluído;12/01/2026 10:42;09/02/2026 08:29;Gestão & Administrativo
Tarefa;TC-54;Instalar e testar o módulo de homologação do TOTVS;Anthony Cruz;Anthony Cruz;Crítico;Concluído;12/01/2026 10:28;06/02/2026 16:11;Software & Aplicações (Sistemas)
História;TC-53;Projeto de treinamentos do TOTVS por Setor;Anthony Cruz;Anthony Cruz;Alto;Concluído;12/01/2026 10:02;20/02/2026 10:09;Software & Aplicações (Sistemas)
Reunião Online;TC-52;Reunião - Sistema de controle de abastecimento de frota;Anthony Cruz;Anthony Cruz;Médio;Concluído;12/01/2026 07:32;06/02/2026 16:11;Projetos & Expansão
Reunião Online;TC-51;Reunião - [TOTVS & H R PART.] Alinhamento - Atualização de Versão;Anthony Cruz;Anthony Cruz;Médio;Concluído;12/01/2026 07:30;06/02/2026 16:11;Software & Aplicações (Sistemas)
Reunião Online;TC-50;Reunião - Apresentação SSO [H R PARTICIPAÇÕES];Anthony Cruz;Anthony Cruz;Médio;Concluído;12/01/2026 07:28;06/02/2026 16:10;Gestão & Administrativo
Sub-tarefa;TC-49;Fazer Descritivo Técnico: Novo Cenário de Rede (Pós-Implantação);Anthony Cruz;Anthony Cruz;Médio;Concluído;09/01/2026 09:57;09/02/2026 08:41;Projetos & Expansão
Sub-tarefa;TC-48;Criar Checklist de Implantação: GoTo Connect;Anthony Cruz;Anthony Cruz;Médio;Concluído;09/01/2026 09:30;09/02/2026 08:41;Projetos & Expansão
Sub-tarefa;TC-47;Fazer documentação de planejamento de Ramais - Confluence;Anthony Cruz;Anthony Cruz;Médio;Concluído;09/01/2026 08:41;09/02/2026 08:30;Projetos & Expansão
Tarefa;TC-46;Criar apresentação sobre as novas tecnologias propostas para Hemerson - Imobiliária HD;Anthony Cruz;Anthony Cruz;Alto;Concluído;09/01/2026 08:03;06/02/2026 16:10;Projetos & Expansão
Sub-tarefa;TC-45;Enviar informações para representante gerar orçamento;Anthony Cruz;Anthony Cruz;Alto;Concluído;08/01/2026 13:25;09/02/2026 08:41;Projetos & Expansão
Sub-tarefa;TC-44;Enviar informações para gerar orçamento;Anthony Cruz;Anthony Cruz;Alto;Concluído;08/01/2026 13:25;13/02/2026 09:52;Projetos & Expansão
Reunião Online;TC-43;REUNIÃO - ATTEMICS - AUTOMAÇÃO DE WHATSAPP;Anthony Cruz;Anthony Cruz;Médio;Concluído;08/01/2026 13:21;06/02/2026 16:10;Projetos & Expansão
Reunião Online;TC-42;REUNIÃO - DR PC - MICROSOFT 365;Anthony Cruz;Anthony Cruz;Médio;Concluído;08/01/2026 13:13;06/02/2026 16:10;Projetos & Expansão
Reunião Online;TC-41;REUNIÃO - LOUPEN - APRESENTAÇÃO GOTO CONNECT;Anthony Cruz;Anthony Cruz;Médio;Concluído;08/01/2026 12:10;06/02/2026 16:09;Projetos & Expansão
Sub-tarefa;TC-39;Fazer contato inicial com representante de solução Attemics;Anthony Cruz;Anthony Cruz;Médio;Concluído;07/01/2026 16:41;09/02/2026 08:41;Projetos & Expansão
Sub-tarefa;TC-38;Apresentação de MVP do Sistema e orçamento dos custos;Anthony Cruz;Anthony Cruz;Médio;Tarefas pendentes;07/01/2026 16:40;09/02/2026 08:41;Projetos & Expansão
Sub-tarefa;TC-37;Reunião para apresentar a ideia do sistema;Anthony Cruz;Anthony Cruz;Médio;Tarefas pendentes;07/01/2026 16:39;03/03/2026 08:20;Projetos & Expansão
Sub-tarefa;TC-36;Fazer contato com DEV para contextualização inicial do projeto;Anthony Cruz;Anthony Cruz;Médio;Concluído;07/01/2026 16:39;09/02/2026 08:38;Projetos & Expansão
Tarefa;TC-35;Modelagem de Dados e Implementação de Queries para Dashboard de Custos;Anthony Cruz;Anthony Cruz;Médio;Concluído;07/01/2026 16:36;06/02/2026 16:08;Projetos & Expansão
História;TC-34;Projeto - Sistema de Controle de Abastecimento de Frota;Anthony Cruz;Anthony Cruz;Muito baixo;Tarefas pendentes;07/01/2026 16:34;25/02/2026 10:52;Projetos & Expansão
Sub-tarefa;TC-33;Fazer reunião de apresentação da solução;Anthony Cruz;Anthony Cruz;Médio;Concluído;07/01/2026 15:57;09/02/2026 08:38;Projetos & Expansão
Tarefa;TC-32;Padronização de modelos e especificações de equipamentos de TI;Anthony Cruz;Anthony Cruz;Baixo;Concluído;07/01/2026 13:48;06/02/2026 16:07;Gestão & Administrativo
Sub-tarefa;TC-31;Solicitar compra de Ferramentas;Anthony Cruz;Anthony Cruz;Médio;Concluído;07/01/2026 11:57;09/02/2026 08:39;Hardware (Ativos Físicos)
Sub-tarefa;TC-30;Solicitar compra de Nobreak;Anthony Cruz;Anthony Cruz;Médio;Concluído;07/01/2026 11:57;09/02/2026 08:41;Projetos & Expansão
Sub-tarefa;TC-29;Agendar data de início do Projeto;Anthony Cruz;Anthony Cruz;Médio;Concluído;07/01/2026 10:40;09/02/2026 08:41;Projetos & Expansão
Sub-tarefa;TC-28;Apresentar planta baixa ao time de manutenção;Anthony Cruz;Anthony Cruz;Médio;Concluído;07/01/2026 09:13;09/02/2026 08:42;Projetos & Expansão
Sub-tarefa;TC-27;Fazer solicitação de compra de equipamentos;Anthony Cruz;Anthony Cruz;Médio;Concluído;07/01/2026 09:12;09/02/2026 08:42;Projetos & Expansão
Sub-tarefa;TC-26;Mapear locais dos Access Points e Cabeamento;Anthony Cruz;Anthony Cruz;Médio;Concluído;07/01/2026 09:12;09/02/2026 08:42;Projetos & Expansão
Sub-tarefa;TC-25;Fazer orçamento completo de implantação e custos fixos;Anthony Cruz;Anthony Cruz;Médio;Tarefas pendentes;07/01/2026 07:54;09/02/2026 08:42;Projetos & Expansão
Sub-tarefa;TC-24;Marcar apresentação do sistema;Anthony Cruz;Anthony Cruz;Médio;Concluído;07/01/2026 07:53;09/02/2026 08:37;Projetos & Expansão
Sub-tarefa;TC-23;Fazer contato com fornecedor do sistema GOTO;Anthony Cruz;Anthony Cruz;Médio;Concluído;07/01/2026 07:53;09/02/2026 08:37;Telefonia & Redes (Conectividade)
Sub-tarefa;TC-22;Fazer levantamento de quantidade de ramais e linhas de telefone;Anthony Cruz;Anthony Cruz;Alto;Em Andamento;07/01/2026 07:53;09/02/2026 08:38;Projetos & Expansão
Sub-tarefa;TC-21;Fazer contato com empresa representante da Microsoft;Anthony Cruz;Anthony Cruz;Médio;Concluído;07/01/2026 07:40;09/02/2026 08:38;Projetos & Expansão
História;TC-20;Estruturação de Dados e Dashboard de Performance de Obras;Anthony Cruz;Anthony Cruz;Muito baixo;CANCELADO;06/01/2026 17:06;23/02/2026 08:17;Software & Aplicações (Sistemas)
História;TC-19;Levantamento de custos do Microsoft 365 e Microsoft Teams;Anthony Cruz;Anthony Cruz;Alto;Concluído;06/01/2026 17:06;13/02/2026 09:53;Projetos & Expansão
História;TC-18;Implementação de IA Conversacional: FAQ de RH via WhatsApp;Anthony Cruz;Anthony Cruz;Médio;Em Andamento;06/01/2026 17:05;06/02/2026 16:07;Projetos & Expansão
História;TC-17;Projeto - Portal de Documentos - Administrativo HDI;Anthony Cruz;Anthony Cruz;Baixo;Concluído;06/01/2026 17:05;23/02/2026 16:41;Projetos & Expansão
História;TC-16;Projeto - Implantação de Telefonia em Nuvem: GoTo Connect (URA e Ramais);Anthony Cruz;Anthony Cruz;Médio;Em Andamento;06/01/2026 17:04;06/02/2026 16:07;Projetos & Expansão
Sub-tarefa;TC-15;Fazer Topologia da Rede Sem Fio;Anthony Cruz;Anthony Cruz;Médio;Concluído;06/01/2026 16:06;09/02/2026 08:38;Projetos & Expansão
Sub-tarefa;TC-14;Gerar relatório da Situação da Rede;Anthony Cruz;Anthony Cruz;Médio;Concluído;06/01/2026 10:36;09/02/2026 08:38;Projetos & Expansão
Sub-tarefa;TC-13;[INFRA-5] Testes de redundância e validação de segurança (Firewall/VPN);Anthony Cruz;Anthony Cruz;Médio;Concluído;05/01/2026 23:58;19/02/2026 14:44;Projetos & Expansão
Sub-tarefa;TC-12;[INFRA-4] Migração dos hosts e configuração de Pool de Impressão Único;Anthony Cruz;Anthony Cruz;Médio;Concluído;05/01/2026 23:58;19/02/2026 11:58;Projetos & Expansão
Sub-tarefa;TC-11;[INFRA-3] Configuração de VLANs e Portal de Convidados;Anthony Cruz;Anthony Cruz;Médio;Concluído;05/01/2026 23:58;19/02/2026 09:49;Projetos & Expansão
Sub-tarefa;TC-10;[INFRA-2] Passagem de cabeamento;Anthony Cruz;Anthony Cruz;Médio;Concluído;05/01/2026 23:58;09/02/2026 08:42;Projetos & Expansão
Sub-tarefa;TC-9;[INFRA-1] Instalação física e configuração de Load Balance (ER7206 + OC200);Anthony Cruz;Anthony Cruz;Médio;Concluído;05/01/2026 23:58;18/02/2026 10:52;Projetos & Expansão
História;TC-8;Projeto - Estruturação de Rede Local - Grupo Conexão;Anthony Cruz;Anthony Cruz;Médio;Concluído;05/01/2026 23:58;20/02/2026 10:06;Projetos & Expansão
Sub-tarefa;TC-7;TOTVS - Corrigir erro na importação do arquivo da Caixa Econômica;Anthony Cruz;Anthony Cruz;Médio;Concluído;05/01/2026 21:38;09/02/2026 08:37;Software & Aplicações (Sistemas)
Sub-tarefa;TC-6;Criar relatórios;Anthony Cruz;Anthony Cruz;Médio;Concluído;05/01/2026 21:38;09/02/2026 08:37;Software & Aplicações (Sistemas)
Sub-tarefa;TC-5;TOTVS - Resolver problema de importação de dados dos Bancos;Anthony Cruz;Anthony Cruz;Médio;Concluído;05/01/2026 21:37;09/02/2026 08:40;Software & Aplicações (Sistemas)
Tarefa;TC-4;TOTVS - Padronizar Perfis de Acesso ao sistema;Anthony Cruz;Anthony Cruz;Alto;Concluído;05/01/2026 17:23;11/02/2026 14:55;Software & Aplicações (Sistemas)
Tarefa;TC-3;Reatribuição e Correção de Permissões de Usuários - TOTVS;Anthony Cruz;Anthony Cruz;Muito alto;Concluído;05/01/2026 17:23;06/02/2026 16:06;Software & Aplicações (Sistemas)
História;TC-2;TOTVS - Módulo Financeiro (ajustes);Anthony Cruz;Anthony Cruz;Muito alto;Concluído;05/01/2026 17:22;06/02/2026 16:06;Software & Aplicações (Sistemas)
Problema;TC-1;Restruturação da Rede - Problema de Interligação de redes;Anthony Cruz;Anthony Cruz;Médio;CANCELADO;05/01/2026 17:21;06/02/2026 16:06;Projetos & Expansão
